73.003018082,61.108115662,61.108115662,61.108115662,61.108115662,61.108115662,61.108115662,58.127839555,58.127839555,58.127839555,51.592643379,51.592643379,51.592643379,51.592643379,51.592643379,51.592643379,51.592643379,51.592643379,51.592643379,51.592643379,43.003017443,43.003017443,43.003017443,43.003017443,43.003017443,43.003017443,43.003017443,26.191196623,26.191196623,26.191196623,26.191196623,26.191196623,26.191196623,26.191196623,26.191196623,26.191196623,26.191196623,26.191196623,26.191196623,26.191196623,26.191196623,26.191196623,26.191196623,26.191196623,26.191196623,26.191196623,26.191196623,26.191196623,26.191196623,26.191196623,26.191196623,26.191196623,4.162985343,4.162985343,0,0,0,0,0,0,0,0,0,0,0,0,0,0,0,0,0,0,0,0,0,0,0,0,0,0,0,0,0,0,0,0,0,0,0,0
61.108115662,73.0030180787,66.5738088287,66.5738088287,63.1548921617,63.1548921617,61.5099045787,58.127839555,58.127839555,58.127839555,51.592643379,51.592643379,51.592643379,51.592643379,51.592643379,51.592643379,51.592643379,51.592643379,51.592643379,51.592643379,43.003017443,43.003017443,43.003017443,43.003017443,43.003017443,43.003017443,43.003017443,26.191196623,26.191196623,26.191196623,26.191196623,26.191196623,26.191196623,26.191196623,26.191196623,26.191196623,26.191196623,26.191196623,26.191196623,26.191196623,26.191196623,26.191196623,26.191196623,26.191196623,26.191196623,26.191196623,26.191196623,26.191196623,26.191196623,26.191196623,26.191196623,26.191196623,4.162985343,4.162985343,0,0,0,0,0,0,0,0,0,0,0,0,0,0,0,0,0,0,0,0,0,0,0,0,0,0,0,0,0,0,0,0,0,0,0,0
61.108115662,66.5738088287,73.0030180787,70.2713815787,63.1548921617,63.1548921617,61.5099045787,58.127839555,58.127839555,58.127839555,51.592643379,51.592643379,51.592643379,51.592643379,51.592643379,51.592643379,51.592643379,51.592643379,51.592643379,51.592643379,43.003017443,43.003017443,43.003017443,43.003017443,43.003017443,43.003017443,43.003017443,26.191196623,26.191196623,26.191196623,26.191196623,26.191196623,26.191196623,26.191196623,26.191196623,26.191196623,26.191196623,26.191196623,26.191196623,26.191196623,26.191196623,26.191196623,26.191196623,26.191196623,26.191196623,26.191196623,26.191196623,26.191196623,26.191196623,26.191196623,26.191196623,26.191196623,4.162985343,4.162985343,0,0,0,0,0,0,0,0,0,0,0,0,0,0,0,0,0,0,0,0,0,0,0,0,0,0,0,0,0,0,0,0,0,0,0,0
61.108115662,66.5738088287,70.2713815787,73.0030180787,63.1548921617,63.1548921617,61.5099045787,58.127839555,58.127839555,58.127839555,51.592643379,51.592643379,51.592643379,51.592643379,51.592643379,51.592643379,51.592643379,51.592643379,51.592643379,51.592643379,43.003017443,43.003017443,43.003017443,43.003017443,43.003017443,43.003017443,43.003017443,26.191196623,26.191196623,26.191196623,26.191196623,26.191196623,26.191196623,26.191196623,26.191196623,26.191196623,26.191196623,26.191196623,26.191196623,26.191196623,26.191196623,26.191196623,26.191196623,26.191196623,26.191196623,26.191196623,26.191196623,26.191196623,26.191196623,26.191196623,26.191196623,26.191196623,4.162985343,4.162985343,0,0,0,0,0,0,0,0,0,0,0,0,0,0,0,0,0,0,0,0,0,0,0,0,0,0,0,0,0,0,0,0,0,0,0,0
61.108115662,63.1548921617,63.1548921617,63.1548921617,73.0030180787,64.3757735787,61.5099045787,58.127839555,58.127839555,58.127839555,51.592643379,51.592643379,51.592643379,51.592643379,51.592643379,51.592643379,51.592643379,51.592643379,51.592643379,51.592643379,43.003017443,43.003017443,43.003017443,43.003017443,43.003017443,43.003017443,43.003017443,26.191196623,26.191196623,26.191196623,26.191196623,26.191196623,26.191196623,26.191196623,26.191196623,26.191196623,26.191196623,26.191196623,26.191196623,26.191196623,26.191196623,26.191196623,26.191196623,26.191196623,26.191196623,26.191196623,26.191196623,26.191196623,26.191196623,26.191196623,26.191196623,26.191196623,4.162985343,4.162985343,0,0,0,0,0,0,0,0,0,0,0,0,0,0,0,0,0,0,0,0,0,0,0,0,0,0,0,0,0,0,0,0,0,0,0,0
61.108115662,63.1548921617,63.1548921617,63.1548921617,64.3757735787,73.0030180787,61.5099045787,58.127839555,58.127839555,58.127839555,51.592643379,51.592643379,51.592643379,51.592643379,51.592643379,51.592643379,51.592643379,51.592643379,51.592643379,51.592643379,43.003017443,43.003017443,43.003017443,43.003017443,43.003017443,43.003017443,43.003017443,26.191196623,26.191196623,26.191196623,26.191196623,26.191196623,26.191196623,26.191196623,26.191196623,26.191196623,26.191196623,26.191196623,26.191196623,26.191196623,26.191196623,26.191196623,26.191196623,26.191196623,26.191196623,26.191196623,26.191196623,26.191196623,26.191196623,26.191196623,26.191196623,26.191196623,4.162985343,4.162985343,0,0,0,0,0,0,0,0,0,0,0,0,0,0,0,0,0,0,0,0,0,0,0,0,0,0,0,0,0,0,0,0,0,0,0,0
61.108115662,61.5099045787,61.5099045787,61.5099045787,61.5099045787,61.5099045787,73.0030180787,58.127839555,58.127839555,58.127839555,51.592643379,51.592643379,51.592643379,51.592643379,51.592643379,51.592643379,51.592643379,51.592643379,51.592643379,51.592643379,43.003017443,43.003017443,43.003017443,43.003017443,43.003017443,43.003017443,43.003017443,26.191196623,26.191196623,26.191196623,26.191196623,26.191196623,26.191196623,26.191196623,26.191196623,26.191196623,26.191196623,26.191196623,26.191196623,26.191196623,26.191196623,26.191196623,26.191196623,26.191196623,26.191196623,26.191196623,26.191196623,26.191196623,26.191196623,26.191196623,26.191196623,26.191196623,4.162985343,4.162985343,0,0,0,0,0,0,0,0,0,0,0,0,0,0,0,0,0,0,0,0,0,0,0,0,0,0,0,0,0,0,0,0,0,0,0,0
58.127839555,58.127839555,58.127839555,58.127839555,58.127839555,58.127839555,58.127839555,73.003018079,66.125022579,66.125022579,51.592643379,51.592643379,51.592643379,51.592643379,51.592643379,51.592643379,51.592643379,51.592643379,51.592643379,51.592643379,43.003017443,43.003017443,43.003017443,43.003017443,43.003017443,43.003017443,43.003017443,26.191196623,26.191196623,26.191196623,26.191196623,26.191196623,26.191196623,26.191196623,26.191196623,26.191196623,26.191196623,26.191196623,26.191196623,26.191196623,26.191196623,26.191196623,26.191196623,26.191196623,26.191196623,26.191196623,26.191196623,26.191196623,26.191196623,26.191196623,26.191196623,26.191196623,4.162985343,4.162985343,0,0,0,0,0,0,0,0,0,0,0,0,0,0,0,0,0,0,0,0,0,0,0,0,0,0,0,0,0,0,0,0,0,0,0,0
58.127839555,58.127839555,58.127839555,58.127839555,58.127839555,58.127839555,58.127839555,66.125022579,73.003018079,67.957040079,51.592643379,51.592643379,51.592643379,51.592643379,51.592643379,51.592643379,51.592643379,51.592643379,51.592643379,51.592643379,43.003017443,43.003017443,43.003017443,43.003017443,43.003017443,43.003017443,43.003017443,26.191196623,26.191196623,26.191196623,26.191196623,26.191196623,26.191196623,26.191196623,26.191196623,26.191196623,26.191196623,26.191196623,26.191196623,26.191196623,26.191196623,26.191196623,26.191196623,26.191196623,26.191196623,26.191196623,26.191196623,26.191196623,26.191196623,26.191196623,26.191196623,26.191196623,4.162985343,4.162985343,0,0,0,0,0,0,0,0,0,0,0,0,0,0,0,0,0,0,0,0,0,0,0,0,0,0,0,0,0,0,0,0,0,0,0,0
58.127839555,58.127839555,58.127839555,58.127839555,58.127839555,58.127839555,58.127839555,66.125022579,67.957040079,73.003018079,51.592643379,51.592643379,51.592643379,51.592643379,51.592643379,51.592643379,51.592643379,51.592643379,51.592643379,51.592643379,43.003017443,43.003017443,43.003017443,43.003017443,43.003017443,43.003017443,43.003017443,26.191196623,26.191196623,26.191196623,26.191196623,26.191196623,26.191196623,26.191196623,26.191196623,26.191196623,26.191196623,26.191196623,26.191196623,26.191196623,26.191196623,26.191196623,26.191196623,26.191196623,26.191196623,26.191196623,26.191196623,26.191196623,26.191196623,26.191196623,26.191196623,26.191196623,4.162985343,4.162985343,0,0,0,0,0,0,0,0,0,0,0,0,0,0,0,0,0,0,0,0,0,0,0,0,0,0,0,0,0,0,0,0,0,0,0,0
51.592643379,51.592643379,51.592643379,51.592643379,51.592643379,51.592643379,51.592643379,51.592643379,51.592643379,51.592643379,73.003018079,70.696250079,60.465566079,57.567860508,57.567860508,57.567860508,57.567860508,57.567860508,57.567860508,57.567860508,43.003017443,43.003017443,43.003017443,43.003017443,43.003017443,43.003017443,43.003017443,26.191196623,26.191196623,26.191196623,26.191196623,26.191196623,26.191196623,26.191196623,26.191196623,26.191196623,26.191196623,26.191196623,26.191196623,26.191196623,26.191196623,26.191196623,26.191196623,26.191196623,26.191196623,26.191196623,26.191196623,26.191196623,26.191196623,26.191196623,26.191196623,26.191196623,4.162985343,4.162985343,0,0,0,0,0,0,0,0,0,0,0,0,0,0,0,0,0,0,0,0,0,0,0,0,0,0,0,0,0,0,0,0,0,0,0,0
51.592643379,51.592643379,51.592643379,51.592643379,51.592643379,51.592643379,51.592643379,51.592643379,51.592643379,51.592643379,70.696250079,73.003018079,60.465566079,57.567860508,57.567860508,57.567860508,57.567860508,57.567860508,57.567860508,57.567860508,43.003017443,43.003017443,43.003017443,43.003017443,43.003017443,43.003017443,43.003017443,26.191196623,26.191196623,26.191196623,26.191196623,26.191196623,26.191196623,26.191196623,26.191196623,26.191196623,26.191196623,26.191196623,26.191196623,26.191196623,26.191196623,26.191196623,26.191196623,26.191196623,26.191196623,26.191196623,26.191196623,26.191196623,26.191196623,26.191196623,26.191196623,26.191196623,4.162985343,4.162985343,0,0,0,0,0,0,0,0,0,0,0,0,0,0,0,0,0,0,0,0,0,0,0,0,0,0,0,0,0,0,0,0,0,0,0,0
51.592643379,51.592643379,51.592643379,51.592643379,51.592643379,51.592643379,51.592643379,51.592643379,51.592643379,51.592643379,60.465566079,60.465566079,73.003018079,57.567860508,57.567860508,57.567860508,57.567860508,57.567860508,57.567860508,57.567860508,43.003017443,43.003017443,43.003017443,43.003017443,43.003017443,43.003017443,43.003017443,26.191196623,26.191196623,26.191196623,26.191196623,26.191196623,26.191196623,26.191196623,26.191196623,26.191196623,26.191196623,26.191196623,26.191196623,26.191196623,26.191196623,26.191196623,26.191196623,26.191196623,26.191196623,26.191196623,26.191196623,26.191196623,26.191196623,26.191196623,26.191196623,26.191196623,4.162985343,4.162985343,0,0,0,0,0,0,0,0,0,0,0,0,0,0,0,0,0,0,0,0,0,0,0,0,0,0,0,0,0,0,0,0,0,0,0,0
51.592643379,51.592643379,51.592643379,51.592643379,51.592643379,51.592643379,51.592643379,51.592643379,51.592643379,51.592643379,57.567860508,57.567860508,57.567860508,73.003018079,63.368205079,62.528434079,60.218370829,60.218370829,59.694915979,59.694915979,43.003017443,43.003017443,43.003017443,43.003017443,43.003017443,43.003017443,43.003017443,26.191196623,26.191196623,26.191196623,26.191196623,26.191196623,26.191196623,26.191196623,26.191196623,26.191196623,26.191196623,26.191196623,26.191196623,26.191196623,26.191196623,26.191196623,26.191196623,26.191196623,26.191196623,26.191196623,26.191196623,26.191196623,26.191196623,26.191196623,26.191196623,26.191196623,4.162985343,4.162985343,0,0,0,0,0,0,0,0,0,0,0,0,0,0,0,0,0,0,0,0,0,0,0,0,0,0,0,0,0,0,0,0,0,0,0,0
51.592643379,51.592643379,51.592643379,51.592643379,51.592643379,51.592643379,51.592643379,51.592643379,51.592643379,51.592643379,57.567860508,57.567860508,57.567860508,63.368205079,73.003018079,62.528434079,60.218370829,60.218370829,59.694915979,59.694915979,43.003017443,43.003017443,43.003017443,43.003017443,43.003017443,43.003017443,43.003017443,26.191196623,26.191196623,26.191196623,26.191196623,26.191196623,26.191196623,26.191196623,26.191196623,26.191196623,26.191196623,26.191196623,26.191196623,26.191196623,26.191196623,26.191196623,26.191196623,26.191196623,26.191196623,26.191196623,26.191196623,26.191196623,26.191196623,26.191196623,26.191196623,26.191196623,4.162985343,4.162985343,0,0,0,0,0,0,0,0,0,0,0,0,0,0,0,0,0,0,0,0,0,0,0,0,0,0,0,0,0,0,0,0,0,0,0,0
51.592643379,51.592643379,51.592643379,51.592643379,51.592643379,51.592643379,51.592643379,51.592643379,51.592643379,51.592643379,57.567860508,57.567860508,57.567860508,62.528434079,62.528434079,73.003018079,60.218370829,60.218370829,59.694915979,59.694915979,43.003017443,43.003017443,43.003017443,43.003017443,43.003017443,43.003017443,43.003017443,26.191196623,26.191196623,26.191196623,26.191196623,26.191196623,26.191196623,26.191196623,26.191196623,26.191196623,26.191196623,26.191196623,26.191196623,26.191196623,26.191196623,26.191196623,26.191196623,26.191196623,26.191196623,26.191196623,26.191196623,26.191196623,26.191196623,26.191196623,26.191196623,26.191196623,4.162985343,4.162985343,0,0,0,0,0,0,0,0,0,0,0,0,0,0,0,0,0,0,0,0,0,0,0,0,0,0,0,0,0,0,0,0,0,0,0,0
51.592643379,51.592643379,51.592643379,51.592643379,51.592643379,51.592643379,51.592643379,51.592643379,51.592643379,51.592643379,57.567860508,57.567860508,57.567860508,60.218370829,60.218370829,60.218370829,73.003018079,61.541640579,59.694915979,59.694915979,43.003017443,43.003017443,43.003017443,43.003017443,43.003017443,43.003017443,43.003017443,26.191196623,26.191196623,26.191196623,26.191196623,26.191196623,26.191196623,26.191196623,26.191196623,26.191196623,26.191196623,26.191196623,26.191196623,26.191196623,26.191196623,26.191196623,26.191196623,26.191196623,26.191196623,26.191196623,26.191196623,26.191196623,26.191196623,26.191196623,26.191196623,26.191196623,4.162985343,4.162985343,0,0,0,0,0,0,0,0,0,0,0,0,0,0,0,0,0,0,0,0,0,0,0,0,0,0,0,0,0,0,0,0,0,0,0,0
51.592643379,51.592643379,51.592643379,51.592643379,51.592643379,51.592643379,51.592643379,51.592643379,51.592643379,51.592643379,57.567860508,57.567860508,57.567860508,60.218370829,60.218370829,60.218370829,61.541640579,73.003018079,59.694915979,59.694915979,43.003017443,43.003017443,43.003017443,43.003017443,43.003017443,43.003017443,43.003017443,26.191196623,26.191196623,26.191196623,26.191196623,26.191196623,26.191196623,26.191196623,26.191196623,26.191196623,26.191196623,26.191196623,26.191196623,26.191196623,26.191196623,26.191196623,26.191196623,26.191196623,26.191196623,26.191196623,26.191196623,26.191196623,26.191196623,26.191196623,26.191196623,26.191196623,4.162985343,4.162985343,0,0,0,0,0,0,0,0,0,0,0,0,0,0,0,0,0,0,0,0,0,0,0,0,0,0,0,0,0,0,0,0,0,0,0,0
51.592643379,51.592643379,51.592643379,51.592643379,51.592643379,51.592643379,51.592643379,51.592643379,51.592643379,51.592643379,57.567860508,57.567860508,57.567860508,59.694915979,59.694915979,59.694915979,59.694915979,59.694915979,73.003018079,67.224807079,43.003017443,43.003017443,43.003017443,43.003017443,43.003017443,43.003017443,43.003017443,26.191196623,26.191196623,26.191196623,26.191196623,26.191196623,26.191196623,26.191196623,26.191196623,26.191196623,26.191196623,26.191196623,26.191196623,26.191196623,26.191196623,26.191196623,26.191196623,26.191196623,26.191196623,26.191196623,26.191196623,26.191196623,26.191196623,26.191196623,26.191196623,26.191196623,4.162985343,4.162985343,0,0,0,0,0,0,0,0,0,0,0,0,0,0,0,0,0,0,0,0,0,0,0,0,0,0,0,0,0,0,0,0,0,0,0,0
51.592643379,51.592643379,51.592643379,51.592643379,51.592643379,51.592643379,51.592643379,51.592643379,51.592643379,51.592643379,57.567860508,57.567860508,57.567860508,59.694915979,59.694915979,59.694915979,59.694915979,59.694915979,67.224807079,73.003018079,43.003017443,43.003017443,43.003017443,43.003017443,43.003017443,43.003017443,43.003017443,26.191196623,26.191196623,26.191196623,26.191196623,26.191196623,26.191196623,26.191196623,26.191196623,26.191196623,26.191196623,26.191196623,26.191196623,26.191196623,26.191196623,26.191196623,26.191196623,26.191196623,26.191196623,26.191196623,26.191196623,26.191196623,26.191196623,26.191196623,26.191196623,26.191196623,4.162985343,4.162985343,0,0,0,0,0,0,0,0,0,0,0,0,0,0,0,0,0,0,0,0,0,0,0,0,0,0,0,0,0,0,0,0,0,0,0,0
43.003017443,43.003017443,43.003017443,43.003017443,43.003017443,43.003017443,43.003017443,43.003017443,43.003017443,43.003017443,43.003017443,43.003017443,43.003017443,43.003017443,43.003017443,43.003017443,43.003017443,43.003017443,43.003017443,43.003017443,73.003018073,69.474052073,66.404656573,53.397072533,53.397072533,53.397072533,53.397072533,26.191196623,26.191196623,26.191196623,26.191196623,26.191196623,26.191196623,26.191196623,26.191196623,26.191196623,26.191196623,26.191196623,26.191196623,26.191196623,26.191196623,26.191196623,26.191196623,26.191196623,26.191196623,26.191196623,26.191196623,26.191196623,26.191196623,26.191196623,26.191196623,26.191196623,4.162985343,4.162985343,0,0,0,0,0,0,0,0,0,0,0,0,0,0,0,0,0,0,0,0,0,0,0,0,0,0,0,0,0,0,0,0,0,0,0,0
43.003017443,43.003017443,43.003017443,43.003017443,43.003017443,43.003017443,43.003017443,43.003017443,43.003017443,43.003017443,43.003017443,43.003017443,43.003017443,43.003017443,43.003017443,43.003017443,43.003017443,43.003017443,43.003017443,43.003017443,69.474052073,73.003018073,66.404656573,53.397072533,53.397072533,53.397072533,53.397072533,26.191196623,26.191196623,26.191196623,26.191196623,26.191196623,26.191196623,26.191196623,26.191196623,26.191196623,26.191196623,26.191196623,26.191196623,26.191196623,26.191196623,26.191196623,26.191196623,26.191196623,26.191196623,26.191196623,26.191196623,26.191196623,26.191196623,26.191196623,26.191196623,26.191196623,4.162985343,4.162985343,0,0,0,0,0,0,0,0,0,0,0,0,0,0,0,0,0,0,0,0,0,0,0,0,0,0,0,0,0,0,0,0,0,0,0,0
43.003017443,43.003017443,43.003017443,43.003017443,43.003017443,43.003017443,43.003017443,43.003017443,43.003017443,43.003017443,43.003017443,43.003017443,43.003017443,43.003017443,43.003017443,43.003017443,43.003017443,43.003017443,43.003017443,43.003017443,66.404656573,66.404656573,73.003018073,53.397072533,53.397072533,53.397072533,53.397072533,26.191196623,26.191196623,26.191196623,26.191196623,26.191196623,26.191196623,26.191196623,26.191196623,26.191196623,26.191196623,26.191196623,26.191196623,26.191196623,26.191196623,26.191196623,26.191196623,26.191196623,26.191196623,26.191196623,26.191196623,26.191196623,26.191196623,26.191196623,26.191196623,26.191196623,4.162985343,4.162985343,0,0,0,0,0,0,0,0,0,0,0,0,0,0,0,0,0,0,0,0,0,0,0,0,0,0,0,0,0,0,0,0,0,0,0,0
43.003017443,43.003017443,43.003017443,43.003017443,43.003017443,43.003017443,43.003017443,43.003017443,43.003017443,43.003017443,43.003017443,43.003017443,43.003017443,43.003017443,43.003017443,43.003017443,43.003017443,43.003017443,43.003017443,43.003017443,53.397072533,53.397072533,53.397072533,73.003018074,64.350785324,64.350785324,57.870563241,26.191196623,26.191196623,26.191196623,26.191196623,26.191196623,26.191196623,26.191196623,26.191196623,26.191196623,26.191196623,26.191196623,26.191196623,26.191196623,26.191196623,26.191196623,26.191196623,26.191196623,26.191196623,26.191196623,26.191196623,26.191196623,26.191196623,26.191196623,26.191196623,26.191196623,4.162985343,4.162985343,0,0,0,0,0,0,0,0,0,0,0,0,0,0,0,0,0,0,0,0,0,0,0,0,0,0,0,0,0,0,0,0,0,0,0,0
43.003017443,43.003017443,43.003017443,43.003017443,43.003017443,43.003017443,43.003017443,43.003017443,43.003017443,43.003017443,43.003017443,43.003017443,43.003017443,43.003017443,43.003017443,43.003017443,43.003017443,43.003017443,43.003017443,43.003017443,53.397072533,53.397072533,53.397072533,64.350785324,73.003018074,66.827138574,57.870563241,26.191196623,26.191196623,26.191196623,26.191196623,26.191196623,26.191196623,26.191196623,26.191196623,26.191196623,26.191196623,26.191196623,26.191196623,26.191196623,26.191196623,26.191196623,26.191196623,26.191196623,26.191196623,26.191196623,26.191196623,26.191196623,26.191196623,26.191196623,26.191196623,26.191196623,4.162985343,4.162985343,0,0,0,0,0,0,0,0,0,0,0,0,0,0,0,0,0,0,0,0,0,0,0,0,0,0,0,0,0,0,0,0,0,0,0,0
43.003017443,43.003017443,43.003017443,43.003017443,43.003017443,43.003017443,43.003017443,43.003017443,43.003017443,43.003017443,43.003017443,43.003017443,43.003017443,43.003017443,43.003017443,43.003017443,43.003017443,43.003017443,43.003017443,43.003017443,53.397072533,53.397072533,53.397072533,64.350785324,66.827138574,73.003018074,57.870563241,26.191196623,26.191196623,26.191196623,26.191196623,26.191196623,26.191196623,26.191196623,26.191196623,26.191196623,26.191196623,26.191196623,26.191196623,26.191196623,26.191196623,26.191196623,26.191196623,26.191196623,26.191196623,26.191196623,26.191196623,26.191196623,26.191196623,26.191196623,26.191196623,26.191196623,4.162985343,4.162985343,0,0,0,0,0,0,0,0,0,0,0,0,0,0,0,0,0,0,0,0,0,0,0,0,0,0,0,0,0,0,0,0,0,0,0,0
43.003017443,43.003017443,43.003017443,43.003017443,43.003017443,43.003017443,43.003017443,43.003017443,43.003017443,43.003017443,43.003017443,43.003017443,43.003017443,43.003017443,43.003017443,43.003017443,43.003017443,43.003017443,43.003017443,43.003017443,53.397072533,53.397072533,53.397072533,57.870563241,57.870563241,57.870563241,73.003018071,26.191196623,26.191196623,26.191196623,26.191196623,26.191196623,26.191196623,26.191196623,26.191196623,26.191196623,26.191196623,26.191196623,26.191196623,26.191196623,26.191196623,26.191196623,26.191196623,26.191196623,26.191196623,26.191196623,26.191196623,26.191196623,26.191196623,26.191196623,26.191196623,26.191196623,4.162985343,4.162985343,0,0,0,0,0,0,0,0,0,0,0,0,0,0,0,0,0,0,0,0,0,0,0,0,0,0,0,0,0,0,0,0,0,0,0,0
26.191196623,26.191196623,26.191196623,26.191196623,26.191196623,26.191196623,26.191196623,26.191196623,26.191196623,26.191196623,26.191196623,26.191196623,26.191196623,26.191196623,26.191196623,26.191196623,26.191196623,26.191196623,26.191196623,26.191196623,26.191196623,26.191196623,26.191196623,26.191196623,26.191196623,26.191196623,26.191196623,73.003018073,69.114801573,58.242777823,58.242777823,58.242777823,58.242777823,51.681717954,51.681717954,51.681717954,51.681717954,51.681717954,51.681717954,51.681717954,51.681717954,51.681717954,51.681717954,51.681717954,51.681717954,51.681717954,51.681717954,50.270239623,50.270239623,50.270239623,50.270239623,50.270239623,4.162985343,4.162985343,0,0,0,0,0,0,0,0,0,0,0,0,0,0,0,0,0,0,0,0,0,0,0,0,0,0,0,0,0,0,0,0,0,0,0,0
26.191196623,26.191196623,26.191196623,26.191196623,26.191196623,26.191196623,26.191196623,26.191196623,26.191196623,26.191196623,26.191196623,26.191196623,26.191196623,26.191196623,26.191196623,26.191196623,26.191196623,26.191196623,26.191196623,26.191196623,26.191196623,26.191196623,26.191196623,26.191196623,26.191196623,26.191196623,26.191196623,69.114801573,73.003018073,58.242777823,58.242777823,58.242777823,58.242777823,51.681717954,51.681717954,51.681717954,51.681717954,51.681717954,51.681717954,51.681717954,51.681717954,51.681717954,51.681717954,51.681717954,51.681717954,51.681717954,51.681717954,50.270239623,50.270239623,50.270239623,50.270239623,50.270239623,4.162985343,4.162985343,0,0,0,0,0,0,0,0,0,0,0,0,0,0,0,0,0,0,0,0,0,0,0,0,0,0,0,0,0,0,0,0,0,0,0,0
26.191196623,26.191196623,26.191196623,26.191196623,26.191196623,26.191196623,26.191196623,26.191196623,26.191196623,26.191196623,26.191196623,26.191196623,26.191196623,26.191196623,26.191196623,26.191196623,26.191196623,26.191196623,26.191196623,26.191196623,26.191196623,26.191196623,26.191196623,26.191196623,26.191196623,26.191196623,26.191196623,58.242777823,58.242777823,73.003018073,71.509657073,70.322543073,63.855627073,51.681717954,51.681717954,51.681717954,51.681717954,51.681717954,51.681717954,51.681717954,51.681717954,51.681717954,51.681717954,51.681717954,51.681717954,51.681717954,51.681717954,50.270239623,50.270239623,50.270239623,50.270239623,50.270239623,4.162985343,4.162985343,0,0,0,0,0,0,0,0,0,0,0,0,0,0,0,0,0,0,0,0,0,0,0,0,0,0,0,0,0,0,0,0,0,0,0,0
26.191196623,26.191196623,26.191196623,26.191196623,26.191196623,26.191196623,26.191196623,26.191196623,26.191196623,26.191196623,26.191196623,26.191196623,26.191196623,26.191196623,26.191196623,26.191196623,26.191196623,26.191196623,26.191196623,26.191196623,26.191196623,26.191196623,26.191196623,26.191196623,26.191196623,26.191196623,26.191196623,58.242777823,58.242777823,71.509657073,73.003018073,70.322543073,63.855627073,51.681717954,51.681717954,51.681717954,51.681717954,51.681717954,51.681717954,51.681717954,51.681717954,51.681717954,51.681717954,51.681717954,51.681717954,51.681717954,51.681717954,50.270239623,50.270239623,50.270239623,50.270239623,50.270239623,4.162985343,4.162985343,0,0,0,0,0,0,0,0,0,0,0,0,0,0,0,0,0,0,0,0,0,0,0,0,0,0,0,0,0,0,0,0,0,0,0,0
26.191196623,26.191196623,26.191196623,26.191196623,26.191196623,26.191196623,26.191196623,26.191196623,26.191196623,26.191196623,26.191196623,26.191196623,26.191196623,26.191196623,26.191196623,26.191196623,26.191196623,26.191196623,26.191196623,26.191196623,26.191196623,26.191196623,26.191196623,26.191196623,26.191196623,26.191196623,26.191196623,58.242777823,58.242777823,70.322543073,70.322543073,73.003018073,63.855627073,51.681717954,51.681717954,51.681717954,51.681717954,51.681717954,51.681717954,51.681717954,51.681717954,51.681717954,51.681717954,51.681717954,51.681717954,51.681717954,51.681717954,50.270239623,50.270239623,50.270239623,50.270239623,50.270239623,4.162985343,4.162985343,0,0,0,0,0,0,0,0,0,0,0,0,0,0,0,0,0,0,0,0,0,0,0,0,0,0,0,0,0,0,0,0,0,0,0,0
26.191196623,26.191196623,26.191196623,26.191196623,26.191196623,26.191196623,26.191196623,26.191196623,26.191196623,26.191196623,26.191196623,26.191196623,26.191196623,26.191196623,26.191196623,26.191196623,26.191196623,26.191196623,26.191196623,26.191196623,26.191196623,26.191196623,26.191196623,26.191196623,26.191196623,26.191196623,26.191196623,58.242777823,58.242777823,63.855627073,63.855627073,63.855627073,73.003018073,51.681717954,51.681717954,51.681717954,51.681717954,51.681717954,51.681717954,51.681717954,51.681717954,51.681717954,51.681717954,51.681717954,51.681717954,51.681717954,51.681717954,50.270239623,50.270239623,50.270239623,50.270239623,50.270239623,4.162985343,4.162985343,0,0,0,0,0,0,0,0,0,0,0,0,0,0,0,0,0,0,0,0,0,0,0,0,0,0,0,0,0,0,0,0,0,0,0,0
26.191196623,26.191196623,26.191196623,26.191196623,26.191196623,26.191196623,26.191196623,26.191196623,26.191196623,26.191196623,26.191196623,26.191196623,26.191196623,26.191196623,26.191196623,26.191196623,26.191196623,26.191196623,26.191196623,26.191196623,26.191196623,26.191196623,26.191196623,26.191196623,26.191196623,26.191196623,26.191196623,51.681717954,51.681717954,51.681717954,51.681717954,51.681717954,51.681717954,73.0030180697,53.5154972397,53.5154972397,53.5154972397,53.5154972397,53.5154972397,53.5154972397,53.5154972397,53.5154972397,53.5154972397,52.910490723,52.910490723,52.910490723,52.910490723,50.270239623,50.270239623,50.270239623,50.270239623,50.270239623,4.162985343,4.162985343,0,0,0,0,0,0,0,0,0,0,0,0,0,0,0,0,0,0,0,0,0,0,0,0,0,0,0,0,0,0,0,0,0,0,0,0
26.191196623,26.191196623,26.191196623,26.191196623,26.191196623,26.191196623,26.191196623,26.191196623,26.191196623,26.191196623,26.191196623,26.191196623,26.191196623,26.191196623,26.191196623,26.191196623,26.191196623,26.191196623,26.191196623,26.191196623,26.191196623,26.191196623,26.191196623,26.191196623,26.191196623,26.191196623,26.191196623,51.681717954,51.681717954,51.681717954,51.681717954,51.681717954,51.681717954,53.5154972397,73.0030180727,59.7703905727,59.7703905727,59.7703905727,57.9729534477,57.9729534477,57.2907663227,57.2907663227,57.2907663227,52.910490723,52.910490723,52.910490723,52.910490723,50.270239623,50.270239623,50.270239623,50.270239623,50.270239623,4.162985343,4.162985343,0,0,0,0,0,0,0,0,0,0,0,0,0,0,0,0,0,0,0,0,0,0,0,0,0,0,0,0,0,0,0,0,0,0,0,0
26.191196623,26.191196623,26.191196623,26.191196623,26.191196623,26.191196623,26.191196623,26.191196623,26.191196623,26.191196623,26.191196623,26.191196623,26.191196623,26.191196623,26.191196623,26.191196623,26.191196623,26.191196623,26.191196623,26.191196623,26.191196623,26.191196623,26.191196623,26.191196623,26.191196623,26.191196623,26.191196623,51.681717954,51.681717954,51.681717954,51.681717954,51.681717954,51.681717954,53.5154972397,59.7703905727,73.0030180727,68.2132060727,65.9738880727,57.9729534477,57.9729534477,57.2907663227,57.2907663227,57.2907663227,52.910490723,52.910490723,52.910490723,52.910490723,50.270239623,50.270239623,50.270239623,50.270239623,50.270239623,4.162985343,4.162985343,0,0,0,0,0,0,0,0,0,0,0,0,0,0,0,0,0,0,0,0,0,0,0,0,0,0,0,0,0,0,0,0,0,0,0,0
26.191196623,26.191196623,26.191196623,26.191196623,26.191196623,26.191196623,26.191196623,26.191196623,26.191196623,26.191196623,26.191196623,26.191196623,26.191196623,26.191196623,26.191196623,26.191196623,26.191196623,26.191196623,26.191196623,26.191196623,26.191196623,26.191196623,26.191196623,26.191196623,26.191196623,26.191196623,26.191196623,51.681717954,51.681717954,51.681717954,51.681717954,51.681717954,51.681717954,53.5154972397,59.7703905727,68.2132060727,73.0030180727,65.9738880727,57.9729534477,57.9729534477,57.2907663227,57.2907663227,57.2907663227,52.910490723,52.910490723,52.910490723,52.910490723,50.270239623,50.270239623,50.270239623,50.270239623,50.270239623,4.162985343,4.162985343,0,0,0,0,0,0,0,0,0,0,0,0,0,0,0,0,0,0,0,0,0,0,0,0,0,0,0,0,0,0,0,0,0,0,0,0
26.191196623,26.191196623,26.191196623,26.191196623,26.191196623,26.191196623,26.191196623,26.191196623,26.191196623,26.191196623,26.191196623,26.191196623,26.191196623,26.191196623,26.191196623,26.191196623,26.191196623,26.191196623,26.191196623,26.191196623,26.191196623,26.191196623,26.191196623,26.191196623,26.191196623,26.191196623,26.191196623,51.681717954,51.681717954,51.681717954,51.681717954,51.681717954,51.681717954,53.5154972397,59.7703905727,65.9738880727,65.9738880727,73.0030180727,57.9729534477,57.9729534477,57.2907663227,57.2907663227,57.2907663227,52.910490723,52.910490723,52.910490723,52.910490723,50.270239623,50.270239623,50.270239623,50.270239623,50.270239623,4.162985343,4.162985343,0,0,0,0,0,0,0,0,0,0,0,0,0,0,0,0,0,0,0,0,0,0,0,0,0,0,0,0,0,0,0,0,0,0,0,0
26.191196623,26.191196623,26.191196623,26.191196623,26.191196623,26.191196623,26.191196623,26.191196623,26.191196623,26.191196623,26.191196623,26.191196623,26.191196623,26.191196623,26.191196623,26.191196623,26.191196623,26.191196623,26.191196623,26.191196623,26.191196623,26.191196623,26.191196623,26.191196623,26.191196623,26.191196623,26.191196623,51.681717954,51.681717954,51.681717954,51.681717954,51.681717954,51.681717954,53.5154972397,57.9729534477,57.9729534477,57.9729534477,57.9729534477,73.0030180677,71.5490280677,57.2907663227,57.2907663227,57.2907663227,52.910490723,52.910490723,52.910490723,52.910490723,50.270239623,50.270239623,50.270239623,50.270239623,50.270239623,4.162985343,4.162985343,0,0,0,0,0,0,0,0,0,0,0,0,0,0,0,0,0,0,0,0,0,0,0,0,0,0,0,0,0,0,0,0,0,0,0,0
26.191196623,26.191196623,26.191196623,26.191196623,26.191196623,26.191196623,26.191196623,26.191196623,26.191196623,26.191196623,26.191196623,26.191196623,26.191196623,26.191196623,26.191196623,26.191196623,26.191196623,26.191196623,26.191196623,26.191196623,26.191196623,26.191196623,26.191196623,26.191196623,26.191196623,26.191196623,26.191196623,51.681717954,51.681717954,51.681717954,51.681717954,51.681717954,51.681717954,53.5154972397,57.9729534477,57.9729534477,57.9729534477,57.9729534477,71.5490280677,73.0030180677,57.2907663227,57.2907663227,57.2907663227,52.910490723,52.910490723,52.910490723,52.910490723,50.270239623,50.270239623,50.270239623,50.270239623,50.270239623,4.162985343,4.162985343,0,0,0,0,0,0,0,0,0,0,0,0,0,0,0,0,0,0,0,0,0,0,0,0,0,0,0,0,0,0,0,0,0,0,0,0
26.191196623,26.191196623,26.191196623,26.191196623,26.191196623,26.191196623,26.191196623,26.191196623,26.191196623,26.191196623,26.191196623,26.191196623,26.191196623,26.191196623,26.191196623,26.191196623,26.191196623,26.191196623,26.191196623,26.191196623,26.191196623,26.191196623,26.191196623,26.191196623,26.191196623,26.191196623,26.191196623,51.681717954,51.681717954,51.681717954,51.681717954,51.681717954,51.681717954,53.5154972397,57.2907663227,57.2907663227,57.2907663227,57.2907663227,57.2907663227,57.2907663227,73.0030180727,64.6415920727,61.2768770727,52.910490723,52.910490723,52.910490723,52.910490723,50.270239623,50.270239623,50.270239623,50.270239623,50.270239623,4.162985343,4.162985343,0,0,0,0,0,0,0,0,0,0,0,0,0,0,0,0,0,0,0,0,0,0,0,0,0,0,0,0,0,0,0,0,0,0,0,0
26.191196623,26.191196623,26.191196623,26.191196623,26.191196623,26.191196623,26.191196623,26.191196623,26.191196623,26.191196623,26.191196623,26.191196623,26.191196623,26.191196623,26.191196623,26.191196623,26.191196623,26.191196623,26.191196623,26.191196623,26.191196623,26.191196623,26.191196623,26.191196623,26.191196623,26.191196623,26.191196623,51.681717954,51.681717954,51.681717954,51.681717954,51.681717954,51.681717954,53.5154972397,57.2907663227,57.2907663227,57.2907663227,57.2907663227,57.2907663227,57.2907663227,64.6415920727,73.0030180727,61.2768770727,52.910490723,52.910490723,52.910490723,52.910490723,50.270239623,50.270239623,50.270239623,50.270239623,50.270239623,4.162985343,4.162985343,0,0,0,0,0,0,0,0,0,0,0,0,0,0,0,0,0,0,0,0,0,0,0,0,0,0,0,0,0,0,0,0,0,0,0,0
26.191196623,26.191196623,26.191196623,26.191196623,26.191196623,26.191196623,26.191196623,26.191196623,26.191196623,26.191196623,26.191196623,26.191196623,26.191196623,26.191196623,26.191196623,26.191196623,26.191196623,26.191196623,26.191196623,26.191196623,26.191196623,26.191196623,26.191196623,26.191196623,26.191196623,26.191196623,26.191196623,51.681717954,51.681717954,51.681717954,51.681717954,51.681717954,51.681717954,53.5154972397,57.2907663227,57.2907663227,57.2907663227,57.2907663227,57.2907663227,57.2907663227,61.2768770727,61.2768770727,73.0030180727,52.910490723,52.910490723,52.910490723,52.910490723,50.270239623,50.270239623,50.270239623,50.270239623,50.270239623,4.162985343,4.162985343,0,0,0,0,0,0,0,0,0,0,0,0,0,0,0,0,0,0,0,0,0,0,0,0,0,0,0,0,0,0,0,0,0,0,0,0
26.191196623,26.191196623,26.191196623,26.191196623,26.191196623,26.191196623,26.191196623,26.191196623,26.191196623,26.191196623,26.191196623,26.191196623,26.191196623,26.191196623,26.191196623,26.191196623,26.191196623,26.191196623,26.191196623,26.191196623,26.191196623,26.191196623,26.191196623,26.191196623,26.191196623,26.191196623,26.191196623,51.681717954,51.681717954,51.681717954,51.681717954,51.681717954,51.681717954,52.910490723,52.910490723,52.910490723,52.910490723,52.910490723,52.910490723,52.910490723,52.910490723,52.910490723,52.910490723,73.003018073,70.773118073,54.433113073,54.433113073,50.270239623,50.270239623,50.270239623,50.270239623,50.270239623,4.162985343,4.162985343,0,0,0,0,0,0,0,0,0,0,0,0,0,0,0,0,0,0,0,0,0,0,0,0,0,0,0,0,0,0,0,0,0,0,0,0
26.191196623,26.191196623,26.191196623,26.191196623,26.191196623,26.191196623,26.191196623,26.191196623,26.191196623,26.191196623,26.191196623,26.191196623,26.191196623,26.191196623,26.191196623,26.191196623,26.191196623,26.191196623,26.191196623,26.191196623,26.191196623,26.191196623,26.191196623,26.191196623,26.191196623,26.191196623,26.191196623,51.681717954,51.681717954,51.681717954,51.681717954,51.681717954,51.681717954,52.910490723,52.910490723,52.910490723,52.910490723,52.910490723,52.910490723,52.910490723,52.910490723,52.910490723,52.910490723,70.773118073,73.003018073,54.433113073,54.433113073,50.270239623,50.270239623,50.270239623,50.270239623,50.270239623,4.162985343,4.162985343,0,0,0,0,0,0,0,0,0,0,0,0,0,0,0,0,0,0,0,0,0,0,0,0,0,0,0,0,0,0,0,0,0,0,0,0
26.191196623,26.191196623,26.191196623,26.191196623,26.191196623,26.191196623,26.191196623,26.191196623,26.191196623,26.191196623,26.191196623,26.191196623,26.191196623,26.191196623,26.191196623,26.191196623,26.191196623,26.191196623,26.191196623,26.191196623,26.191196623,26.191196623,26.191196623,26.191196623,26.191196623,26.191196623,26.191196623,51.681717954,51.681717954,51.681717954,51.681717954,51.681717954,51.681717954,52.910490723,52.910490723,52.910490723,52.910490723,52.910490723,52.910490723,52.910490723,52.910490723,52.910490723,52.910490723,54.433113073,54.433113073,73.003018073,71.600075073,50.270239623,50.270239623,50.270239623,50.270239623,50.270239623,4.162985343,4.162985343,0,0,0,0,0,0,0,0,0,0,0,0,0,0,0,0,0,0,0,0,0,0,0,0,0,0,0,0,0,0,0,0,0,0,0,0
26.191196623,26.191196623,26.191196623,26.191196623,26.191196623,26.191196623,26.191196623,26.191196623,26.191196623,26.191196623,26.191196623,26.191196623,26.191196623,26.191196623,26.191196623,26.191196623,26.191196623,26.191196623,26.191196623,26.191196623,26.191196623,26.191196623,26.191196623,26.191196623,26.191196623,26.191196623,26.191196623,51.681717954,51.681717954,51.681717954,51.681717954,51.681717954,51.681717954,52.910490723,52.910490723,52.910490723,52.910490723,52.910490723,52.910490723,52.910490723,52.910490723,52.910490723,52.910490723,54.433113073,54.433113073,71.600075073,73.003018073,50.270239623,50.270239623,50.270239623,50.270239623,50.270239623,4.162985343,4.162985343,0,0,0,0,0,0,0,0,0,0,0,0,0,0,0,0,0,0,0,0,0,0,0,0,0,0,0,0,0,0,0,0,0,0,0,0
26.191196623,26.191196623,26.191196623,26.191196623,26.191196623,26.191196623,26.191196623,26.191196623,26.191196623,26.191196623,26.191196623,26.191196623,26.191196623,26.191196623,26.191196623,26.191196623,26.191196623,26.191196623,26.191196623,26.191196623,26.191196623,26.191196623,26.191196623,26.191196623,26.191196623,26.191196623,26.191196623,50.270239623,50.270239623,50.270239623,50.270239623,50.270239623,50.270239623,50.270239623,50.270239623,50.270239623,50.270239623,50.270239623,50.270239623,50.270239623,50.270239623,50.270239623,50.270239623,50.270239623,50.270239623,50.270239623,50.270239623,73.003018073,70.728990073,63.360139073,53.606930323,53.606930323,4.162985343,4.162985343,0,0,0,0,0,0,0,0,0,0,0,0,0,0,0,0,0,0,0,0,0,0,0,0,0,0,0,0,0,0,0,0,0,0,0,0
26.191196623,26.191196623,26.191196623,26.191196623,26.191196623,26.191196623,26.191196623,26.191196623,26.191196623,26.191196623,26.191196623,26.191196623,26.191196623,26.191196623,26.191196623,26.191196623,26.191196623,26.191196623,26.191196623,26.191196623,26.191196623,26.191196623,26.191196623,26.191196623,26.191196623,26.191196623,26.191196623,50.270239623,50.270239623,50.270239623,50.270239623,50.270239623,50.270239623,50.270239623,50.270239623,50.270239623,50.270239623,50.270239623,50.270239623,50.270239623,50.270239623,50.270239623,50.270239623,50.270239623,50.270239623,50.270239623,50.270239623,70.728990073,73.003018073,63.360139073,53.606930323,53.606930323,4.162985343,4.162985343,0,0,0,0,0,0,0,0,0,0,0,0,0,0,0,0,0,0,0,0,0,0,0,0,0,0,0,0,0,0,0,0,0,0,0,0
26.191196623,26.191196623,26.191196623,26.191196623,26.191196623,26.191196623,26.191196623,26.191196623,26.191196623,26.191196623,26.191196623,26.191196623,26.191196623,26.191196623,26.191196623,26.191196623,26.191196623,26.191196623,26.191196623,26.191196623,26.191196623,26.191196623,26.191196623,26.191196623,26.191196623,26.191196623,26.191196623,50.270239623,50.270239623,50.270239623,50.270239623,50.270239623,50.270239623,50.270239623,50.270239623,50.270239623,50.270239623,50.270239623,50.270239623,50.270239623,50.270239623,50.270239623,50.270239623,50.270239623,50.270239623,50.270239623,50.270239623,63.360139073,63.360139073,73.003018073,53.606930323,53.606930323,4.162985343,4.162985343,0,0,0,0,0,0,0,0,0,0,0,0,0,0,0,0,0,0,0,0,0,0,0,0,0,0,0,0,0,0,0,0,0,0,0,0
26.191196623,26.191196623,26.191196623,26.191196623,26.191196623,26.191196623,26.191196623,26.191196623,26.191196623,26.191196623,26.191196623,26.191196623,26.191196623,26.191196623,26.191196623,26.191196623,26.191196623,26.191196623,26.191196623,26.191196623,26.191196623,26.191196623,26.191196623,26.191196623,26.191196623,26.191196623,26.191196623,50.270239623,50.270239623,50.270239623,50.270239623,50.270239623,50.270239623,50.270239623,50.270239623,50.270239623,50.270239623,50.270239623,50.270239623,50.270239623,50.270239623,50.270239623,50.270239623,50.270239623,50.270239623,50.270239623,50.270239623,53.606930323,53.606930323,53.606930323,73.003018073,62.522498573,4.162985343,4.162985343,0,0,0,0,0,0,0,0,0,0,0,0,0,0,0,0,0,0,0,0,0,0,0,0,0,0,0,0,0,0,0,0,0,0,0,0
26.191196623,26.191196623,26.191196623,26.191196623,26.191196623,26.191196623,26.191196623,26.191196623,26.191196623,26.191196623,26.191196623,26.191196623,26.191196623,26.191196623,26.191196623,26.191196623,26.191196623,26.191196623,26.191196623,26.191196623,26.191196623,26.191196623,26.191196623,26.191196623,26.191196623,26.191196623,26.191196623,50.270239623,50.270239623,50.270239623,50.270239623,50.270239623,50.270239623,50.270239623,50.270239623,50.270239623,50.270239623,50.270239623,50.270239623,50.270239623,50.270239623,50.270239623,50.270239623,50.270239623,50.270239623,50.270239623,50.270239623,53.606930323,53.606930323,53.606930323,62.522498573,73.003018073,4.162985343,4.162985343,0,0,0,0,0,0,0,0,0,0,0,0,0,0,0,0,0,0,0,0,0,0,0,0,0,0,0,0,0,0,0,0,0,0,0,0
4.162985343,4.162985343,4.162985343,4.162985343,4.162985343,4.162985343,4.162985343,4.162985343,4.162985343,4.162985343,4.162985343,4.162985343,4.162985343,4.162985343,4.162985343,4.162985343,4.162985343,4.162985343,4.162985343,4.162985343,4.162985343,4.162985343,4.162985343,4.162985343,4.162985343,4.162985343,4.162985343,4.162985343,4.162985343,4.162985343,4.162985343,4.162985343,4.162985343,4.162985343,4.162985343,4.162985343,4.162985343,4.162985343,4.162985343,4.162985343,4.162985343,4.162985343,4.162985343,4.162985343,4.162985343,4.162985343,4.162985343,4.162985343,4.162985343,4.162985343,4.162985343,4.162985343,73.003018073,56.688742073,0,0,0,0,0,0,0,0,0,0,0,0,0,0,0,0,0,0,0,0,0,0,0,0,0,0,0,0,0,0,0,0,0,0,0,0
4.162985343,4.162985343,4.162985343,4.162985343,4.162985343,4.162985343,4.162985343,4.162985343,4.162985343,4.162985343,4.162985343,4.162985343,4.162985343,4.162985343,4.162985343,4.162985343,4.162985343,4.162985343,4.162985343,4.162985343,4.162985343,4.162985343,4.162985343,4.162985343,4.162985343,4.162985343,4.162985343,4.162985343,4.162985343,4.162985343,4.162985343,4.162985343,4.162985343,4.162985343,4.162985343,4.162985343,4.162985343,4.162985343,4.162985343,4.162985343,4.162985343,4.162985343,4.162985343,4.162985343,4.162985343,4.162985343,4.162985343,4.162985343,4.162985343,4.162985343,4.162985343,4.162985343,56.688742073,73.003018073,0,0,0,0,0,0,0,0,0,0,0,0,0,0,0,0,0,0,0,0,0,0,0,0,0,0,0,0,0,0,0,0,0,0,0,0
0,0,0,0,0,0,0,0,0,0,0,0,0,0,0,0,0,0,0,0,0,0,0,0,0,0,0,0,0,0,0,0,0,0,0,0,0,0,0,0,0,0,0,0,0,0,0,0,0,0,0,0,0,0,73.003018065,67.019992065,58.731895065,50.439629065,50.439629065,44.573923065,44.573923065,44.573923065,42.057113065,42.057113065,42.057113065,42.057113065,39.73830194,39.73830194,39.73830194,39.73830194,39.73830194,39.73830194,39.73830194,39.73830194,21.87895302,10.26646529,10.26646529,10.26646529,10.26646529,10.26646529,10.26646529,10.26646529,10.26646529,10.26646529,10.26646529,10.26646529,10.26646529,10.26646529,10.26646529,10.26646529
0,0,0,0,0,0,0,0,0,0,0,0,0,0,0,0,0,0,0,0,0,0,0,0,0,0,0,0,0,0,0,0,0,0,0,0,0,0,0,0,0,0,0,0,0,0,0,0,0,0,0,0,0,0,67.019992065,73.003018065,58.731895065,50.439629065,50.439629065,44.573923065,44.573923065,44.573923065,42.057113065,42.057113065,42.057113065,42.057113065,39.73830194,39.73830194,39.73830194,39.73830194,39.73830194,39.73830194,39.73830194,39.73830194,21.87895302,10.26646529,10.26646529,10.26646529,10.26646529,10.26646529,10.26646529,10.26646529,10.26646529,10.26646529,10.26646529,10.26646529,10.26646529,10.26646529,10.26646529,10.26646529
0,0,0,0,0,0,0,0,0,0,0,0,0,0,0,0,0,0,0,0,0,0,0,0,0,0,0,0,0,0,0,0,0,0,0,0,0,0,0,0,0,0,0,0,0,0,0,0,0,0,0,0,0,0,58.731895065,58.731895065,73.003018065,50.439629065,50.439629065,44.573923065,44.573923065,44.573923065,42.057113065,42.057113065,42.057113065,42.057113065,39.73830194,39.73830194,39.73830194,39.73830194,39.73830194,39.73830194,39.73830194,39.73830194,21.87895302,10.26646529,10.26646529,10.26646529,10.26646529,10.26646529,10.26646529,10.26646529,10.26646529,10.26646529,10.26646529,10.26646529,10.26646529,10.26646529,10.26646529,10.26646529
0,0,0,0,0,0,0,0,0,0,0,0,0,0,0,0,0,0,0,0,0,0,0,0,0,0,0,0,0,0,0,0,0,0,0,0,0,0,0,0,0,0,0,0,0,0,0,0,0,0,0,0,0,0,50.439629065,50.439629065,50.439629065,73.003018065,61.614879065,44.573923065,44.573923065,44.573923065,42.057113065,42.057113065,42.057113065,42.057113065,39.73830194,39.73830194,39.73830194,39.73830194,39.73830194,39.73830194,39.73830194,39.73830194,21.87895302,10.26646529,10.26646529,10.26646529,10.26646529,10.26646529,10.26646529,10.26646529,10.26646529,10.26646529,10.26646529,10.26646529,10.26646529,10.26646529,10.26646529,10.26646529
0,0,0,0,0,0,0,0,0,0,0,0,0,0,0,0,0,0,0,0,0,0,0,0,0,0,0,0,0,0,0,0,0,0,0,0,0,0,0,0,0,0,0,0,0,0,0,0,0,0,0,0,0,0,50.439629065,50.439629065,50.439629065,61.614879065,73.003018065,44.573923065,44.573923065,44.573923065,42.057113065,42.057113065,42.057113065,42.057113065,39.73830194,39.73830194,39.73830194,39.73830194,39.73830194,39.73830194,39.73830194,39.73830194,21.87895302,10.26646529,10.26646529,10.26646529,10.26646529,10.26646529,10.26646529,10.26646529,10.26646529,10.26646529,10.26646529,10.26646529,10.26646529,10.26646529,10.26646529,10.26646529
0,0,0,0,0,0,0,0,0,0,0,0,0,0,0,0,0,0,0,0,0,0,0,0,0,0,0,0,0,0,0,0,0,0,0,0,0,0,0,0,0,0,0,0,0,0,0,0,0,0,0,0,0,0,44.573923065,44.573923065,44.573923065,44.573923065,44.573923065,73.003018065,59.653665065,47.313994065,42.057113065,42.057113065,42.057113065,42.057113065,39.73830194,39.73830194,39.73830194,39.73830194,39.73830194,39.73830194,39.73830194,39.73830194,21.87895302,10.26646529,10.26646529,10.26646529,10.26646529,10.26646529,10.26646529,10.26646529,10.26646529,10.26646529,10.26646529,10.26646529,10.26646529,10.26646529,10.26646529,10.26646529
0,0,0,0,0,0,0,0,0,0,0,0,0,0,0,0,0,0,0,0,0,0,0,0,0,0,0,0,0,0,0,0,0,0,0,0,0,0,0,0,0,0,0,0,0,0,0,0,0,0,0,0,0,0,44.573923065,44.573923065,44.573923065,44.573923065,44.573923065,59.653665065,73.003018065,47.313994065,42.057113065,42.057113065,42.057113065,42.057113065,39.73830194,39.73830194,39.73830194,39.73830194,39.73830194,39.73830194,39.73830194,39.73830194,21.87895302,10.26646529,10.26646529,10.26646529,10.26646529,10.26646529,10.26646529,10.26646529,10.26646529,10.26646529,10.26646529,10.26646529,10.26646529,10.26646529,10.26646529,10.26646529
0,0,0,0,0,0,0,0,0,0,0,0,0,0,0,0,0,0,0,0,0,0,0,0,0,0,0,0,0,0,0,0,0,0,0,0,0,0,0,0,0,0,0,0,0,0,0,0,0,0,0,0,0,0,44.573923065,44.573923065,44.573923065,44.573923065,44.573923065,47.313994065,47.313994065,73.003018065,42.057113065,42.057113065,42.057113065,42.057113065,39.73830194,39.73830194,39.73830194,39.73830194,39.73830194,39.73830194,39.73830194,39.73830194,21.87895302,10.26646529,10.26646529,10.26646529,10.26646529,10.26646529,10.26646529,10.26646529,10.26646529,10.26646529,10.26646529,10.26646529,10.26646529,10.26646529,10.26646529,10.26646529
0,0,0,0,0,0,0,0,0,0,0,0,0,0,0,0,0,0,0,0,0,0,0,0,0,0,0,0,0,0,0,0,0,0,0,0,0,0,0,0,0,0,0,0,0,0,0,0,0,0,0,0,0,0,42.057113065,42.057113065,42.057113065,42.057113065,42.057113065,42.057113065,42.057113065,42.057113065,73.003018065,52.093986065,52.093986065,52.093986065,39.73830194,39.73830194,39.73830194,39.73830194,39.73830194,39.73830194,39.73830194,39.73830194,21.87895302,10.26646529,10.26646529,10.26646529,10.26646529,10.26646529,10.26646529,10.26646529,10.26646529,10.26646529,10.26646529,10.26646529,10.26646529,10.26646529,10.26646529,10.26646529
0,0,0,0,0,0,0,0,0,0,0,0,0,0,0,0,0,0,0,0,0,0,0,0,0,0,0,0,0,0,0,0,0,0,0,0,0,0,0,0,0,0,0,0,0,0,0,0,0,0,0,0,0,0,42.057113065,42.057113065,42.057113065,42.057113065,42.057113065,42.057113065,42.057113065,42.057113065,52.093986065,73.003018065,56.500418065,56.500418065,39.73830194,39.73830194,39.73830194,39.73830194,39.73830194,39.73830194,39.73830194,39.73830194,21.87895302,10.26646529,10.26646529,10.26646529,10.26646529,10.26646529,10.26646529,10.26646529,10.26646529,10.26646529,10.26646529,10.26646529,10.26646529,10.26646529,10.26646529,10.26646529
0,0,0,0,0,0,0,0,0,0,0,0,0,0,0,0,0,0,0,0,0,0,0,0,0,0,0,0,0,0,0,0,0,0,0,0,0,0,0,0,0,0,0,0,0,0,0,0,0,0,0,0,0,0,42.057113065,42.057113065,42.057113065,42.057113065,42.057113065,42.057113065,42.057113065,42.057113065,52.093986065,56.500418065,73.003018065,66.447464065,39.73830194,39.73830194,39.73830194,39.73830194,39.73830194,39.73830194,39.73830194,39.73830194,21.87895302,10.26646529,10.26646529,10.26646529,10.26646529,10.26646529,10.26646529,10.26646529,10.26646529,10.26646529,10.26646529,10.26646529,10.26646529,10.26646529,10.26646529,10.26646529
0,0,0,0,0,0,0,0,0,0,0,0,0,0,0,0,0,0,0,0,0,0,0,0,0,0,0,0,0,0,0,0,0,0,0,0,0,0,0,0,0,0,0,0,0,0,0,0,0,0,0,0,0,0,42.057113065,42.057113065,42.057113065,42.057113065,42.057113065,42.057113065,42.057113065,42.057113065,52.093986065,56.500418065,66.447464065,73.003018065,39.73830194,39.73830194,39.73830194,39.73830194,39.73830194,39.73830194,39.73830194,39.73830194,21.87895302,10.26646529,10.26646529,10.26646529,10.26646529,10.26646529,10.26646529,10.26646529,10.26646529,10.26646529,10.26646529,10.26646529,10.26646529,10.26646529,10.26646529,10.26646529
0,0,0,0,0,0,0,0,0,0,0,0,0,0,0,0,0,0,0,0,0,0,0,0,0,0,0,0,0,0,0,0,0,0,0,0,0,0,0,0,0,0,0,0,0,0,0,0,0,0,0,0,0,0,39.73830194,39.73830194,39.73830194,39.73830194,39.73830194,39.73830194,39.73830194,39.73830194,39.73830194,39.73830194,39.73830194,39.73830194,73.003018063,69.210841563,68.849313813,67.807617563,57.983421771,57.983421771,57.983421771,52.46021592,21.87895302,10.26646529,10.26646529,10.26646529,10.26646529,10.26646529,10.26646529,10.26646529,10.26646529,10.26646529,10.26646529,10.26646529,10.26646529,10.26646529,10.26646529,10.26646529
0,0,0,0,0,0,0,0,0,0,0,0,0,0,0,0,0,0,0,0,0,0,0,0,0,0,0,0,0,0,0,0,0,0,0,0,0,0,0,0,0,0,0,0,0,0,0,0,0,0,0,0,0,0,39.73830194,39.73830194,39.73830194,39.73830194,39.73830194,39.73830194,39.73830194,39.73830194,39.73830194,39.73830194,39.73830194,39.73830194,69.210841563,73.003018063,68.849313813,67.807617563,57.983421771,57.983421771,57.983421771,52.46021592,21.87895302,10.26646529,10.26646529,10.26646529,10.26646529,10.26646529,10.26646529,10.26646529,10.26646529,10.26646529,10.26646529,10.26646529,10.26646529,10.26646529,10.26646529,10.26646529
0,0,0,0,0,0,0,0,0,0,0,0,0,0,0,0,0,0,0,0,0,0,0,0,0,0,0,0,0,0,0,0,0,0,0,0,0,0,0,0,0,0,0,0,0,0,0,0,0,0,0,0,0,0,39.73830194,39.73830194,39.73830194,39.73830194,39.73830194,39.73830194,39.73830194,39.73830194,39.73830194,39.73830194,39.73830194,39.73830194,68.849313813,68.849313813,73.003018063,67.807617563,57.983421771,57.983421771,57.983421771,52.46021592,21.87895302,10.26646529,10.26646529,10.26646529,10.26646529,10.26646529,10.26646529,10.26646529,10.26646529,10.26646529,10.26646529,10.26646529,10.26646529,10.26646529,10.26646529,10.26646529
0,0,0,0,0,0,0,0,0,0,0,0,0,0,0,0,0,0,0,0,0,0,0,0,0,0,0,0,0,0,0,0,0,0,0,0,0,0,0,0,0,0,0,0,0,0,0,0,0,0,0,0,0,0,39.73830194,39.73830194,39.73830194,39.73830194,39.73830194,39.73830194,39.73830194,39.73830194,39.73830194,39.73830194,39.73830194,39.73830194,67.807617563,67.807617563,67.807617563,73.003018063,57.983421771,57.983421771,57.983421771,52.46021592,21.87895302,10.26646529,10.26646529,10.26646529,10.26646529,10.26646529,10.26646529,10.26646529,10.26646529,10.26646529,10.26646529,10.26646529,10.26646529,10.26646529,10.26646529,10.26646529
0,0,0,0,0,0,0,0,0,0,0,0,0,0,0,0,0,0,0,0,0,0,0,0,0,0,0,0,0,0,0,0,0,0,0,0,0,0,0,0,0,0,0,0,0,0,0,0,0,0,0,0,0,0,39.73830194,39.73830194,39.73830194,39.73830194,39.73830194,39.73830194,39.73830194,39.73830194,39.73830194,39.73830194,39.73830194,39.73830194,57.983421771,57.983421771,57.983421771,57.983421771,73.003018063,64.802179563,63.722500813,52.46021592,21.87895302,10.26646529,10.26646529,10.26646529,10.26646529,10.26646529,10.26646529,10.26646529,10.26646529,10.26646529,10.26646529,10.26646529,10.26646529,10.26646529,10.26646529,10.26646529
0,0,0,0,0,0,0,0,0,0,0,0,0,0,0,0,0,0,0,0,0,0,0,0,0,0,0,0,0,0,0,0,0,0,0,0,0,0,0,0,0,0,0,0,0,0,0,0,0,0,0,0,0,0,39.73830194,39.73830194,39.73830194,39.73830194,39.73830194,39.73830194,39.73830194,39.73830194,39.73830194,39.73830194,39.73830194,39.73830194,57.983421771,57.983421771,57.983421771,57.983421771,64.802179563,73.003018063,63.722500813,52.46021592,21.87895302,10.26646529,10.26646529,10.26646529,10.26646529,10.26646529,10.26646529,10.26646529,10.26646529,10.26646529,10.26646529,10.26646529,10.26646529,10.26646529,10.26646529,10.26646529
0,0,0,0,0,0,0,0,0,0,0,0,0,0,0,0,0,0,0,0,0,0,0,0,0,0,0,0,0,0,0,0,0,0,0,0,0,0,0,0,0,0,0,0,0,0,0,0,0,0,0,0,0,0,39.73830194,39.73830194,39.73830194,39.73830194,39.73830194,39.73830194,39.73830194,39.73830194,39.73830194,39.73830194,39.73830194,39.73830194,57.983421771,57.983421771,57.983421771,57.983421771,63.722500813,63.722500813,73.003018063,52.46021592,21.87895302,10.26646529,10.26646529,10.26646529,10.26646529,10.26646529,10.26646529,10.26646529,10.26646529,10.26646529,10.26646529,10.26646529,10.26646529,10.26646529,10.26646529,10.26646529
0,0,0,0,0,0,0,0,0,0,0,0,0,0,0,0,0,0,0,0,0,0,0,0,0,0,0,0,0,0,0,0,0,0,0,0,0,0,0,0,0,0,0,0,0,0,0,0,0,0,0,0,0,0,39.73830194,39.73830194,39.73830194,39.73830194,39.73830194,39.73830194,39.73830194,39.73830194,39.73830194,39.73830194,39.73830194,39.73830194,52.46021592,52.46021592,52.46021592,52.46021592,52.46021592,52.46021592,52.46021592,73.00301806,21.87895302,10.26646529,10.26646529,10.26646529,10.26646529,10.26646529,10.26646529,10.26646529,10.26646529,10.26646529,10.26646529,10.26646529,10.26646529,10.26646529,10.26646529,10.26646529
0,0,0,0,0,0,0,0,0,0,0,0,0,0,0,0,0,0,0,0,0,0,0,0,0,0,0,0,0,0,0,0,0,0,0,0,0,0,0,0,0,0,0,0,0,0,0,0,0,0,0,0,0,0,21.87895302,21.87895302,21.87895302,21.87895302,21.87895302,21.87895302,21.87895302,21.87895302,21.87895302,21.87895302,21.87895302,21.87895302,21.87895302,21.87895302,21.87895302,21.87895302,21.87895302,21.87895302,21.87895302,21.87895302,73.00301807,10.26646529,10.26646529,10.26646529,10.26646529,10.26646529,10.26646529,10.26646529,10.26646529,10.26646529,10.26646529,10.26646529,10.26646529,10.26646529,10.26646529,10.26646529
0,0,0,0,0,0,0,0,0,0,0,0,0,0,0,0,0,0,0,0,0,0,0,0,0,0,0,0,0,0,0,0,0,0,0,0,0,0,0,0,0,0,0,0,0,0,0,0,0,0,0,0,0,0,10.26646529,10.26646529,10.26646529,10.26646529,10.26646529,10.26646529,10.26646529,10.26646529,10.26646529,10.26646529,10.26646529,10.26646529,10.26646529,10.26646529,10.26646529,10.26646529,10.26646529,10.26646529,10.26646529,10.26646529,10.26646529,73.00301807,72.05077507,54.26846807,38.3677619,38.3677619,38.3677619,35.00301765,35.00301765,35.00301765,35.00301765,35.00301765,35.00301765,35.00301765,35.00301765,35.00301765
0,0,0,0,0,0,0,0,0,0,0,0,0,0,0,0,0,0,0,0,0,0,0,0,0,0,0,0,0,0,0,0,0,0,0,0,0,0,0,0,0,0,0,0,0,0,0,0,0,0,0,0,0,0,10.26646529,10.26646529,10.26646529,10.26646529,10.26646529,10.26646529,10.26646529,10.26646529,10.26646529,10.26646529,10.26646529,10.26646529,10.26646529,10.26646529,10.26646529,10.26646529,10.26646529,10.26646529,10.26646529,10.26646529,10.26646529,72.05077507,73.00301807,54.26846807,38.3677619,38.3677619,38.3677619,35.00301765,35.00301765,35.00301765,35.00301765,35.00301765,35.00301765,35.00301765,35.00301765,35.00301765
0,0,0,0,0,0,0,0,0,0,0,0,0,0,0,0,0,0,0,0,0,0,0,0,0,0,0,0,0,0,0,0,0,0,0,0,0,0,0,0,0,0,0,0,0,0,0,0,0,0,0,0,0,0,10.26646529,10.26646529,10.26646529,10.26646529,10.26646529,10.26646529,10.26646529,10.26646529,10.26646529,10.26646529,10.26646529,10.26646529,10.26646529,10.26646529,10.26646529,10.26646529,10.26646529,10.26646529,10.26646529,10.26646529,10.26646529,54.26846807,54.26846807,73.00301807,38.3677619,38.3677619,38.3677619,35.00301765,35.00301765,35.00301765,35.00301765,35.00301765,35.00301765,35.00301765,35.00301765,35.00301765
0,0,0,0,0,0,0,0,0,0,0,0,0,0,0,0,0,0,0,0,0,0,0,0,0,0,0,0,0,0,0,0,0,0,0,0,0,0,0,0,0,0,0,0,0,0,0,0,0,0,0,0,0,0,10.26646529,10.26646529,10.26646529,10.26646529,10.26646529,10.26646529,10.26646529,10.26646529,10.26646529,10.26646529,10.26646529,10.26646529,10.26646529,10.26646529,10.26646529,10.26646529,10.26646529,10.26646529,10.26646529,10.26646529,10.26646529,38.3677619,38.3677619,38.3677619,73.00301807,48.94549082,48.94549082,35.00301765,35.00301765,35.00301765,35.00301765,35.00301765,35.00301765,35.00301765,35.00301765,35.00301765
0,0,0,0,0,0,0,0,0,0,0,0,0,0,0,0,0,0,0,0,0,0,0,0,0,0,0,0,0,0,0,0,0,0,0,0,0,0,0,0,0,0,0,0,0,0,0,0,0,0,0,0,0,0,10.26646529,10.26646529,10.26646529,10.26646529,10.26646529,10.26646529,10.26646529,10.26646529,10.26646529,10.26646529,10.26646529,10.26646529,10.26646529,10.26646529,10.26646529,10.26646529,10.26646529,10.26646529,10.26646529,10.26646529,10.26646529,38.3677619,38.3677619,38.3677619,48.94549082,73.00301807,64.49677157,35.00301765,35.00301765,35.00301765,35.00301765,35.00301765,35.00301765,35.00301765,35.00301765,35.00301765
0,0,0,0,0,0,0,0,0,0,0,0,0,0,0,0,0,0,0,0,0,0,0,0,0,0,0,0,0,0,0,0,0,0,0,0,0,0,0,0,0,0,0,0,0,0,0,0,0,0,0,0,0,0,10.26646529,10.26646529,10.26646529,10.26646529,10.26646529,10.26646529,10.26646529,10.26646529,10.26646529,10.26646529,10.26646529,10.26646529,10.26646529,10.26646529,10.26646529,10.26646529,10.26646529,10.26646529,10.26646529,10.26646529,10.26646529,38.3677619,38.3677619,38.3677619,48.94549082,64.49677157,73.00301807,35.00301765,35.00301765,35.00301765,35.00301765,35.00301765,35.00301765,35.00301765,35.00301765,35.00301765
0,0,0,0,0,0,0,0,0,0,0,0,0,0,0,0,0,0,0,0,0,0,0,0,0,0,0,0,0,0,0,0,0,0,0,0,0,0,0,0,0,0,0,0,0,0,0,0,0,0,0,0,0,0,10.26646529,10.26646529,10.26646529,10.26646529,10.26646529,10.26646529,10.26646529,10.26646529,10.26646529,10.26646529,10.26646529,10.26646529,10.26646529,10.26646529,10.26646529,10.26646529,10.26646529,10.26646529,10.26646529,10.26646529,10.26646529,35.00301765,35.00301765,35.00301765,35.00301765,35.00301765,35.00301765,73.003018065,70.490656065,67.618517065,67.618517065,62.477211565,59.638600332,59.638600332,59.638600332,55.87183269
0,0,0,0,0,0,0,0,0,0,0,0,0,0,0,0,0,0,0,0,0,0,0,0,0,0,0,0,0,0,0,0,0,0,0,0,0,0,0,0,0,0,0,0,0,0,0,0,0,0,0,0,0,0,10.26646529,10.26646529,10.26646529,10.26646529,10.26646529,10.26646529,10.26646529,10.26646529,10.26646529,10.26646529,10.26646529,10.26646529,10.26646529,10.26646529,10.26646529,10.26646529,10.26646529,10.26646529,10.26646529,10.26646529,10.26646529,35.00301765,35.00301765,35.00301765,35.00301765,35.00301765,35.00301765,70.490656065,73.003018065,67.618517065,67.618517065,62.477211565,59.638600332,59.638600332,59.638600332,55.87183269
0,0,0,0,0,0,0,0,0,0,0,0,0,0,0,0,0,0,0,0,0,0,0,0,0,0,0,0,0,0,0,0,0,0,0,0,0,0,0,0,0,0,0,0,0,0,0,0,0,0,0,0,0,0,10.26646529,10.26646529,10.26646529,10.26646529,10.26646529,10.26646529,10.26646529,10.26646529,10.26646529,10.26646529,10.26646529,10.26646529,10.26646529,10.26646529,10.26646529,10.26646529,10.26646529,10.26646529,10.26646529,10.26646529,10.26646529,35.00301765,35.00301765,35.00301765,35.00301765,35.00301765,35.00301765,67.618517065,67.618517065,73.003018065,71.808308065,62.477211565,59.638600332,59.638600332,59.638600332,55.87183269
0,0,0,0,0,0,0,0,0,0,0,0,0,0,0,0,0,0,0,0,0,0,0,0,0,0,0,0,0,0,0,0,0,0,0,0,0,0,0,0,0,0,0,0,0,0,0,0,0,0,0,0,0,0,10.26646529,10.26646529,10.26646529,10.26646529,10.26646529,10.26646529,10.26646529,10.26646529,10.26646529,10.26646529,10.26646529,10.26646529,10.26646529,10.26646529,10.26646529,10.26646529,10.26646529,10.26646529,10.26646529,10.26646529,10.26646529,35.00301765,35.00301765,35.00301765,35.00301765,35.00301765,35.00301765,67.618517065,67.618517065,71.808308065,73.003018065,62.477211565,59.638600332,59.638600332,59.638600332,55.87183269
0,0,0,0,0,0,0,0,0,0,0,0,0,0,0,0,0,0,0,0,0,0,0,0,0,0,0,0,0,0,0,0,0,0,0,0,0,0,0,0,0,0,0,0,0,0,0,0,0,0,0,0,0,0,10.26646529,10.26646529,10.26646529,10.26646529,10.26646529,10.26646529,10.26646529,10.26646529,10.26646529,10.26646529,10.26646529,10.26646529,10.26646529,10.26646529,10.26646529,10.26646529,10.26646529,10.26646529,10.26646529,10.26646529,10.26646529,35.00301765,35.00301765,35.00301765,35.00301765,35.00301765,35.00301765,62.477211565,62.477211565,62.477211565,62.477211565,73.003018065,59.638600332,59.638600332,59.638600332,55.87183269
0,0,0,0,0,0,0,0,0,0,0,0,0,0,0,0,0,0,0,0,0,0,0,0,0,0,0,0,0,0,0,0,0,0,0,0,0,0,0,0,0,0,0,0,0,0,0,0,0,0,0,0,0,0,10.26646529,10.26646529,10.26646529,10.26646529,10.26646529,10.26646529,10.26646529,10.26646529,10.26646529,10.26646529,10.26646529,10.26646529,10.26646529,10.26646529,10.26646529,10.26646529,10.26646529,10.26646529,10.26646529,10.26646529,10.26646529,35.00301765,35.00301765,35.00301765,35.00301765,35.00301765,35.00301765,59.638600332,59.638600332,59.638600332,59.638600332,59.638600332,73.003018065,64.596715565,64.596715565,55.87183269
0,0,0,0,0,0,0,0,0,0,0,0,0,0,0,0,0,0,0,0,0,0,0,0,0,0,0,0,0,0,0,0,0,0,0,0,0,0,0,0,0,0,0,0,0,0,0,0,0,0,0,0,0,0,10.26646529,10.26646529,10.26646529,10.26646529,10.26646529,10.26646529,10.26646529,10.26646529,10.26646529,10.26646529,10.26646529,10.26646529,10.26646529,10.26646529,10.26646529,10.26646529,10.26646529,10.26646529,10.26646529,10.26646529,10.26646529,35.00301765,35.00301765,35.00301765,35.00301765,35.00301765,35.00301765,59.638600332,59.638600332,59.638600332,59.638600332,59.638600332,64.596715565,73.003018065,72.169069065,55.87183269
0,0,0,0,0,0,0,0,0,0,0,0,0,0,0,0,0,0,0,0,0,0,0,0,0,0,0,0,0,0,0,0,0,0,0,0,0,0,0,0,0,0,0,0,0,0,0,0,0,0,0,0,0,0,10.26646529,10.26646529,10.26646529,10.26646529,10.26646529,10.26646529,10.26646529,10.26646529,10.26646529,10.26646529,10.26646529,10.26646529,10.26646529,10.26646529,10.26646529,10.26646529,10.26646529,10.26646529,10.26646529,10.26646529,10.26646529,35.00301765,35.00301765,35.00301765,35.00301765,35.00301765,35.00301765,59.638600332,59.638600332,59.638600332,59.638600332,59.638600332,64.596715565,72.169069065,73.003018065,55.87183269
0,0,0,0,0,0,0,0,0,0,0,0,0,0,0,0,0,0,0,0,0,0,0,0,0,0,0,0,0,0,0,0,0,0,0,0,0,0,0,0,0,0,0,0,0,0,0,0,0,0,0,0,0,0,10.26646529,10.26646529,10.26646529,10.26646529,10.26646529,10.26646529,10.26646529,10.26646529,10.26646529,10.26646529,10.26646529,10.26646529,10.26646529,10.26646529,10.26646529,10.26646529,10.26646529,10.26646529,10.26646529,10.26646529,10.26646529,35.00301765,35.00301765,35.00301765,35.00301765,35.00301765,35.00301765,55.87183269,55.87183269,55.87183269,55.87183269,55.87183269,55.87183269,55.87183269,55.87183269,73.00301807
